{"@module": "matbench.bench", "@class": "MatbenchBenchmark", "version": "0.6", "tasks": {"matbench_jdft2d": {"@class": "MatbenchTask", "@module": "matbench.task", "benchmark_name": "matbench_v0.1", "dataset_name": "matbench_jdft2d", "results": {"fold_0": {"data": {"mb-jdft2d-012": 45.83386, "mb-jdft2d-014": 85.66929, "mb-jdft2d-027": 58.729313, "mb-jdft2d-031": 67.042946, "mb-jdft2d-032": 71.53525, "mb-jdft2d-040": 72.50053, "mb-jdft2d-050": 75.76546, "mb-jdft2d-052": 62.737156, "mb-jdft2d-063": 78.55511, "mb-jdft2d-067": 71.257484, "mb-jdft2d-069": 72.61186, "mb-jdft2d-075": 38.654076, "mb-jdft2d-076": 39.248066, "mb-jdft2d-077": 61.84061, "mb-jdft2d-082": 264.99808, "mb-jdft2d-094": 72.89942, "mb-jdft2d-098": 56.26429, "mb-jdft2d-106": 67.60745, "mb-jdft2d-108": 72.54232, "mb-jdft2d-109": 68.39437, "mb-jdft2d-112": 263.09668, "mb-jdft2d-113": 135.87714, "mb-jdft2d-124": 73.9571, "mb-jdft2d-132": 58.70826, "mb-jdft2d-134": 56.217644, "mb-jdft2d-141": 78.076454, "mb-jdft2d-148": 72.891266, "mb-jdft2d-151": 113.94992, "mb-jdft2d-155": 60.05457, "mb-jdft2d-160": 82.227715, "mb-jdft2d-161": 82.7819, "mb-jdft2d-162": 83.79039, "mb-jdft2d-165": 57.422245, "mb-jdft2d-168": 51.16364, "mb-jdft2d-169": 85.52501, "mb-jdft2d-171": 84.08051, "mb-jdft2d-176": 81.10681, "mb-jdft2d-179": 85.36552, "mb-jdft2d-191": 124.78962, "mb-jdft2d-194": 190.35573, "mb-jdft2d-204": 61.056763, "mb-jdft2d-217": 87.48893, "mb-jdft2d-220": 77.39341, "mb-jdft2d-222": 82.91514, "mb-jdft2d-231": 68.01255, "mb-jdft2d-236": 80.02533, "mb-jdft2d-244": 70.66334, "mb-jdft2d-245": 42.181583, "mb-jdft2d-250": 114.00327, "mb-jdft2d-256": 67.40365, "mb-jdft2d-257": 60.30723, "mb-jdft2d-259": 78.81716, "mb-jdft2d-267": 89.706436, "mb-jdft2d-269": 73.805504, "mb-jdft2d-272": 61.260647, "mb-jdft2d-273": 96.91187, "mb-jdft2d-275": 88.78832, "mb-jdft2d-278": 71.92738, "mb-jdft2d-287": 91.65995, "mb-jdft2d-288": 69.81799, "mb-jdft2d-295": 129.27551, "mb-jdft2d-301": 144.0629, "mb-jdft2d-303": 94.18649, "mb-jdft2d-309": 85.26468, "mb-jdft2d-310": 48.80172, "mb-jdft2d-316": 434.7032, "mb-jdft2d-320": 55.902718, "mb-jdft2d-328": 73.80842, "mb-jdft2d-334": 182.6907, "mb-jdft2d-340": 98.493774, "mb-jdft2d-341": 102.95207, "mb-jdft2d-345": 59.99383, "mb-jdft2d-352": 78.93395, "mb-jdft2d-355": 55.66091, "mb-jdft2d-356": 78.21548, "mb-jdft2d-357": 78.1146, "mb-jdft2d-364": 169.1937, "mb-jdft2d-367": 153.63835, "mb-jdft2d-370": 86.9927, "mb-jdft2d-373": 50.956165, "mb-jdft2d-374": 75.9553, "mb-jdft2d-376": 39.719585, "mb-jdft2d-382": 67.86793, "mb-jdft2d-385": 102.78344, "mb-jdft2d-392": 70.28828, "mb-jdft2d-395": 94.61869, "mb-jdft2d-398": 155.17801, "mb-jdft2d-399": 71.429016, "mb-jdft2d-402": 176.55545, "mb-jdft2d-403": 108.11571, "mb-jdft2d-407": 77.03186, "mb-jdft2d-419": 55.506645, "mb-jdft2d-420": 86.854034, "mb-jdft2d-422": 154.84033, "mb-jdft2d-427": 71.50499, "mb-jdft2d-428": 121.30054, "mb-jdft2d-431": 48.559597, "mb-jdft2d-438": 114.80804, "mb-jdft2d-441": 55.76279, "mb-jdft2d-448": 70.17451, "mb-jdft2d-449": 52.85593, "mb-jdft2d-452": 41.551506, "mb-jdft2d-456": 55.386543, "mb-jdft2d-457": 51.223263, "mb-jdft2d-465": 229.44702, "mb-jdft2d-492": 66.56414, "mb-jdft2d-498": 53.798107, "mb-jdft2d-500": 49.613342, "mb-jdft2d-507": 86.786285, "mb-jdft2d-510": 233.88324, "mb-jdft2d-512": 81.34273, "mb-jdft2d-518": 34.25987, "mb-jdft2d-522": 66.72593, "mb-jdft2d-527": 53.201336, "mb-jdft2d-543": 108.22886, "mb-jdft2d-545": 68.435295, "mb-jdft2d-553": 83.25714, "mb-jdft2d-554": 46.639652, "mb-jdft2d-556": 39.420277, "mb-jdft2d-565": 51.375652, "mb-jdft2d-566": 70.90821, "mb-jdft2d-568": 77.98522, "mb-jdft2d-570": 73.165474, "mb-jdft2d-586": 101.77996, "mb-jdft2d-590": 64.4401, "mb-jdft2d-604": 42.004642, "mb-jdft2d-618": 63.26859, "mb-jdft2d-631": 72.11674}, "parameters": {}, "scores": {"mae": 29.024606848734614, "mape": 24.87246222063219, "max_error": 254.961835, "rmse": 54.38145673092697}, "uncertainty": null}, "fold_1": {"data": {"mb-jdft2d-003": 38.97257, "mb-jdft2d-005": 113.68819, "mb-jdft2d-007": 70.5703, "mb-jdft2d-019": 51.173897, "mb-jdft2d-020": 91.55479, "mb-jdft2d-023": 36.586445, "mb-jdft2d-024": 63.997124, "mb-jdft2d-026": 32.504963, "mb-jdft2d-030": 174.01726, "mb-jdft2d-048": 130.79745, "mb-jdft2d-053": 34.8228, "mb-jdft2d-059": 33.07124, "mb-jdft2d-061": 37.66756, "mb-jdft2d-074": 47.5555, "mb-jdft2d-086": 123.80321, "mb-jdft2d-089": 59.382256, "mb-jdft2d-093": 74.85474, "mb-jdft2d-104": 49.067104, "mb-jdft2d-110": 623.46857, "mb-jdft2d-111": 209.75438, "mb-jdft2d-120": 67.88881, "mb-jdft2d-128": 28.471027, "mb-jdft2d-133": 48.572113, "mb-jdft2d-137": 101.61888, "mb-jdft2d-144": 55.614014, "mb-jdft2d-146": 103.684586, "mb-jdft2d-159": 57.411182, "mb-jdft2d-163": 68.451935, "mb-jdft2d-174": 57.46977, "mb-jdft2d-175": 70.77983, "mb-jdft2d-190": 62.270638, "mb-jdft2d-196": 112.79835, "mb-jdft2d-207": 100.22652, "mb-jdft2d-210": 69.13649, "mb-jdft2d-216": 101.85283, "mb-jdft2d-232": 121.74756, "mb-jdft2d-234": 99.925964, "mb-jdft2d-248": 60.688225, "mb-jdft2d-249": 86.688255, "mb-jdft2d-261": 36.48539, "mb-jdft2d-271": 73.69595, "mb-jdft2d-276": 67.6535, "mb-jdft2d-283": 70.65689, "mb-jdft2d-290": 73.51479, "mb-jdft2d-292": 84.55266, "mb-jdft2d-297": 83.2789, "mb-jdft2d-299": 221.31023, "mb-jdft2d-302": 48.40406, "mb-jdft2d-311": 80.35405, "mb-jdft2d-317": 88.81599, "mb-jdft2d-322": 99.92916, "mb-jdft2d-332": 45.372646, "mb-jdft2d-333": 254.87328, "mb-jdft2d-338": 480.70746, "mb-jdft2d-346": 129.34134, "mb-jdft2d-350": 53.376705, "mb-jdft2d-353": 91.230354, "mb-jdft2d-354": 48.67692, "mb-jdft2d-360": 121.01113, "mb-jdft2d-362": 150.85321, "mb-jdft2d-371": 39.105762, "mb-jdft2d-372": 107.66639, "mb-jdft2d-377": 75.78277, "mb-jdft2d-378": 67.88449, "mb-jdft2d-380": 71.06453, "mb-jdft2d-388": 71.81883, "mb-jdft2d-393": 166.65387, "mb-jdft2d-400": 81.33523, "mb-jdft2d-401": 88.88214, "mb-jdft2d-417": 91.056305, "mb-jdft2d-418": 73.20599, "mb-jdft2d-421": 93.26483, "mb-jdft2d-425": 89.917694, "mb-jdft2d-436": 85.31654, "mb-jdft2d-440": 369.50873, "mb-jdft2d-445": 218.4836, "mb-jdft2d-453": 37.027813, "mb-jdft2d-455": 66.10662, "mb-jdft2d-464": 43.65324, "mb-jdft2d-467": 68.82535, "mb-jdft2d-469": 63.6556, "mb-jdft2d-471": 266.24298, "mb-jdft2d-473": 833.40375, "mb-jdft2d-477": 277.69037, "mb-jdft2d-480": 158.33867, "mb-jdft2d-483": 95.83763, "mb-jdft2d-484": 81.71179, "mb-jdft2d-490": 194.369, "mb-jdft2d-491": 61.775406, "mb-jdft2d-493": 72.97772, "mb-jdft2d-495": 72.92677, "mb-jdft2d-496": 104.04637, "mb-jdft2d-497": 61.974426, "mb-jdft2d-503": 76.16174, "mb-jdft2d-504": 127.11032, "mb-jdft2d-509": 119.06212, "mb-jdft2d-513": 109.417656, "mb-jdft2d-514": 60.801746, "mb-jdft2d-517": 35.18855, "mb-jdft2d-529": 80.174225, "mb-jdft2d-536": 268.53812, "mb-jdft2d-539": 72.68245, "mb-jdft2d-540": 78.811745, "mb-jdft2d-542": 65.73569, "mb-jdft2d-544": 211.59984, "mb-jdft2d-549": 115.94884, "mb-jdft2d-550": 82.46014, "mb-jdft2d-558": 45.717873, "mb-jdft2d-560": 83.05728, "mb-jdft2d-561": 131.10506, "mb-jdft2d-562": 33.75952, "mb-jdft2d-563": 80.05173, "mb-jdft2d-564": 87.57756, "mb-jdft2d-575": 71.457855, "mb-jdft2d-581": 82.967224, "mb-jdft2d-582": 210.33185, "mb-jdft2d-583": 75.72455, "mb-jdft2d-588": 56.686806, "mb-jdft2d-593": 24.867796, "mb-jdft2d-600": 221.44002, "mb-jdft2d-605": 46.029, "mb-jdft2d-609": 37.27971, "mb-jdft2d-614": 41.28327, "mb-jdft2d-621": 41.928505, "mb-jdft2d-622": 81.50525, "mb-jdft2d-625": 100.63589, "mb-jdft2d-633": 108.321365}, "parameters": {}, "scores": {"mae": 49.79868230216545, "mape": 0.40757557082052714, "max_error": 567.7957499999999, "rmse": 114.77415876115143}, "uncertainty": null}, "fold_2": {"data": {"mb-jdft2d-004": 327.50742, "mb-jdft2d-008": 228.03568, "mb-jdft2d-018": 118.4722, "mb-jdft2d-035": 85.61373, "mb-jdft2d-036": 210.09079, "mb-jdft2d-041": 75.014206, "mb-jdft2d-042": 44.269806, "mb-jdft2d-045": 365.42117, "mb-jdft2d-054": 119.46515, "mb-jdft2d-062": 174.89182, "mb-jdft2d-066": 81.64812, "mb-jdft2d-068": 41.165936, "mb-jdft2d-071": 73.58832,